http://thehueberreport.com/,/
http://www.thehueberreport.com/,/
http://www.thehueberreport.com/#!packages/c1diy,/
http://www.thehueberreport.com/#!freetrial/c24vq,/
http://www.thehueberreport.com/#!jeff-kaprelian/zoom/mainPage/imageb1u,/
http://www.thehueberreport.com/#!quotes/cf88,/
http://www.thehueberreport.com/#!services/cee5,/
http://www.thehueberreport.com/#!dan-hueber/zoom/mainPage/image19x9,/
http://www.thehueberreport.com/#!people/cjg9,/
http://www.thehueberreport.com/#!contact/caz2,/
http://www.thehueberreport.com/#!jake-wiener/zoom/mainPage/image8r1,/
http://www.thehueberreport.com/#!subscribe/c2wi,/
http://www.thehueberreport.com/#!brokerage/cp8d,/
http://www.thehueberreport.com/#!media/cfrx,/
http://www.thehueberreport.com/#!media/cfrx/Page/1,/
http://www.thehueberreport.com/#!Dan-on-Market-to-Market/cn4h/334FBE2C-5532-49CF-B73C-097AFE057684,/
http://www.thehueberreport.com/#!Dan-on-Market-to-Market/cn4h/5759a3d70cf2a5fcbccd40c5,/
http://www.thehueberreport.com/#!Market-to-Market-/cn4h/5AA74ACF-2B82-4C3E-87FF-56E1633A1721,/
http://www.thehueberreport.com/#!media/cfrx/Page/2,/
http://www.thehueberreport.com/#!Dan-on-Market-to-Market/cn4h/56afcb790cf268328933238f,/
http://www.thehueberreport.com/#!media/cfrx/Page/0,/
http://www.thehueberreport.com/#!Dan-Hueber-on-NewsmaxTV-41014/cn4h/B0A9678D-861B-42B9-B13C-705F73CB1B72,/
http://www.thehueberreport.com/#!Dan-on-Market-to-Markets-Market-Plus-Segment/cn4h/56afcb9f0cf2dc1600dccd7a,/
http://www.thehueberreport.com/#!Dan-on-Market-to-Markets-Market-Plus-Segment-101615/cn4h/5624f4e80cf2c6c6437cc359,/
http://www.thehueberreport.com/#!Dan-on-Market-to-Market-101615/cn4h/5624f4a60cf2c6c6437cc26e,/
http://www.thehueberreport.com/#!Dan-on-Newsmax-TV-5914/cn4h/B61D62A7-0AEB-4A72-B5AA-185381597A57,/
http://www.thehueberreport.com/#!Market-to-Market/cn4h/18560C87-A18F-478E-BD63-CBE3BFF29772,/
http://www.thehueberreport.com/#!Market-to-Markets-Market-Plus-segment/cn4h/1BE0C090-0189-417C-A119-2258B25DE996,/
http://www.thehueberreport.com/#!Dan-on-Market-to-Markets-Market-Plus-segment-52314/cn4h/DD0FDE64-BE3D-4212-ABB1-48396CA77A93,/
http://www.thehueberreport.com/#!Dan-on-NewsmaxTV-42114/cn4h/0A2FC453-E775-4972-BE29-47577F48D568,/
http://www.thehueberreport.com/#!Dans-latest-Market-to-Market-April-24/cn4h/5547c4580cf23d0164711f3d,/
http://www.thehueberreport.com/#!Market-to-Markets-Market-Plus-Segment/cn4h/3B0FDED4-A2EB-4411-86F6-F6AA847F87D0,/
http://www.thehueberreport.com/#!Dan-on-NewsMax-TV-7114/cn4h/96EA641B-5692-4ABA-B5C8-C4456AF7F172,/
http://www.thehueberreport.com/#!Dan-on-Market-to-Market-/cn4h/38F293FA-BC8F-411C-91AE-2ABD94FB968C,/
http://www.thehueberreport.com/#!Dan-on-MTMs-Market-Plus-segment/cn4h/5759a4010cf2cc77abfda557,/
http://www.thehueberreport.com/#!Dan-on-Iowa-Agribusiness-Radio/cn4h/77E95C93-8E7B-4CE1-8E3C-78A8F881F0ED,/